VALUE,COUNT
-117,31
-116,11
-115,9
-114,5
-113,2
-112,1
-111,47
-110,26
-109,8
-108,9
-107,5
-106,6
-105,6
-104,5
-103,5
-102,8
-101,7
-100,7
-99,3
-98,21
-97,10
-96,14
-95,12
-94,10
-93,10
-92,9
-91,11
-90,6
-89,7
-88,44
-87,11
-86,49
-85,36017
-84,56395
-83,90124
-82,64834
-81,55366
-80,70635
-79,31535
-78,32111
-77,28850
-76,17076
-75,24316
-74,16987
-73,11299
-72,12428
-71,10373
-70,1045154
-69,59458
-68,59049
-67,47304
-66,48575
-65,47448
-64,44996
-63,45691
-62,42785
-61,43721
-60,49751
-59,44001
-58,37953
-57,42367
-56,39093
-55,36244
-54,43047
-53,40812
-52,41220
-51,47328
-50,43986
-49,40934
-48,47011
-47,43075
-46,44423
-45,49194
-44,46492
-43,44364
-42,52588
-41,71938
-40,63813
-39,62105
-38,51283
-37,53497
-36,58310
-35,52615
-34,54168
-33,55846
-32,49524
-31,52817
-30,56271
-29,48761
-28,51610
-27,55705
-26,51694
-25,53535
-24,56584
-23,58481
-22,57176
-21,57482
-20,62130
-19,62114
-18,62354
-17,74757
-16,76858
-15,71388
-14,85253
-13,83738
-12,95416
-11,120139
-10,85011
-9,82922
-8,91499
-7,83796
-6,130886
-5,236215
-4,274208
-3,338744
-2,1427624
-1,12325347
0,193521295
1,35344236
2,26283681
3,26832218
4,22822012
5,19979614
6,19313426
7,17635067
8,15883769
9,15096194
10,15798385
11,13344581
12,13759811
13,12991983
14,12537098
15,12403600
16,12175896
17,12395767
18,12946428
19,12989164
20,14373327
21,13035727
22,12245187
23,12204793
24,12295576
25,11495163
26,11254859
27,11696114
28,11617279
29,11464635
30,11661058
31,10562060
32,10157931
33,10441524
34,10197145
35,10332079
36,10858177
37,10878011
38,10077825
39,10463551
40,11257208
41,10050310
42,9986748
43,10025847
44,9697202
45,9979412
46,9539657
47,9380994
48,9292360
49,10126530
50,10117340
51,9486960
52,9860009
53,9239760
54,9330728
55,9865317
56,9755180
57,9634434
58,10181411
59,9747542
60,10760894
61,10284967
62,9898477
63,9933735
64,10230285
65,9963847
66,10018751
67,10185941
68,10036482
69,9948244
70,10782158
71,9771711
72,9652320
73,10075647
74,11086542
75,30447965
76,10367011
77,9852669
78,9717731
79,10495806
80,11005041
81,9792281
82,9836587
83,9601891
84,9650615
85,10154873
86,9797729
87,9536877
88,9892747
89,10057140
90,10620551
91,9940111
92,9811051
93,9470238
94,9646642
95,9792848
96,9436586
97,9626414
98,9922928
99,9471802
100,10686734
101,9363718
102,8983515
103,9431783
104,9587319
105,9306198
106,9115042
107,9602077
108,9560679
109,9391562
110,10499541
111,8981101
112,8905843
113,9350224
114,8930101
115,9381423
116,10027072
117,9390007
118,9200028
119,9578685
120,10503827
121,9033770
122,9301511
123,9274466
124,8971623
125,9559097
126,8975285
127,8968706
128,9470303
129,9363390
130,10390198
131,9499068
132,9329634
133,9255303
134,9635157
135,9678772
136,9084329
137,9276760
138,9089708
139,9234401
140,10971816
141,9059145
142,8651331
143,8854847
144,8905795
145,8681416
146,8838130
147,8941345
148,8469053
149,8827457
150,9575806
151,8188630
152,8293733
153,8512894
154,8062883
155,8035859
156,7992923
157,7933945
158,8163346
159,8490823
160,9025075
161,7943969
162,7893213
163,7668627
164,7797144
165,8107671
166,7516056
167,7489363
168,7879568
169,7721407
170,8446328
171,7943896
172,7455514
173,8304037
174,36022914
175,12584718
176,64706224
177,66840337
178,9347146
179,11527224
180,11480378
181,10083427
182,10222716
183,68276691
184,38960108
185,10111944
186,10150754
187,9987349
188,9970480
189,11152369
190,11920116
191,10377391
192,10513689
193,10385716
194,10534736
195,11431464
196,10841039
197,10471695
198,10930468
199,10795605
200,12613546
201,11734046
202,11295145
203,11113125
204,11400069
205,11467789
206,11452642
207,11779432
208,11727094
209,11314836
210,12361525
211,11119846
212,10758083
213,11179792
214,11116776
215,11253674
216,11378909
217,11174421
218,10983211
219,11934845
220,13382607
221,11262320
222,11167035
223,11123823
224,11096176
225,11603167
226,12084082
227,11037941
228,11382367
229,11644064
230,12382365
231,11543545
232,11612187
233,11195793
234,11227978
235,11631111
236,11535132
237,11693355
238,12193544
239,11733092
240,12732918
241,11988079
242,11754458
243,11796374
244,12334620
245,12028569
246,11815456
247,11599633
248,11264173
249,11499043
250,12799902
251,11555480
252,11159226
253,11370722
254,11301451
255,11464393
256,11823552
257,11532178
258,11298339
259,11697900
260,12540790
261,11534453
262,11837860
263,11607574
264,11304425
265,11668117
266,11260103
267,11187935
268,11645303
269,11644508
270,12091160
271,11442506
272,11160060
273,10937345
274,11590571
275,11549310
276,11116577
277,11278921
278,11040469
279,11128817
280,12186269
281,11471637
282,11104398
283,11008307
284,10963605
285,10816407
286,10924132
287,11261779
288,10794496
289,10733385
290,11481690
291,10711983
292,10735982
293,11029363
294,10568690
295,10674246
296,10816531
297,10716057
298,10646537
299,10988330
300,11122829
301,10294105
302,10481464
303,10138966
304,10293967
305,10768446
306,10317283
307,9956372
308,10280836
309,9969422
310,10632924
311,10479635
312,10341034
313,10383888
314,10355988
315,10171728
316,10144900
317,10352161
318,10117244
319,10041928
320,10803602
321,9871757
322,9676662
323,12901853
324,11161276
325,9854453
326,10152466
327,9892607
328,9981111
329,10126734
330,10423989
331,9650499
332,9606516
333,9498734
334,9272423
335,9653992
336,9721401
337,9983782
338,9747844
339,9785639
340,10067454
341,9756004
342,9817158
343,9625623
344,9360108
345,9348793
346,9096691
347,9649456
348,9981855
349,9667044
350,10224788
351,9703020
352,9197875
353,9246234
354,9512956
355,9155518
356,8934482
357,8994863
358,10065617
359,9198715
360,9888472
361,8953244
362,8477284
363,8686617
364,8615991
365,8728383
366,9023509
367,9320583
368,8505375
369,8800947
370,9127308
371,8579738
372,8994450
373,8545410
374,8265578
375,8386080
376,7912323
377,7954880
378,8244339
379,8086922
380,8528701
381,8201622
382,8159745
383,7613929
384,7868626
385,7659132
386,7397380
387,7689757
388,7479179
389,7560996
390,8521779
391,7884083
392,7700408
393,7891798
394,8046651
395,9115431
396,9341641
397,8740555
398,8142765
399,8098464
400,8336709
401,7567302
402,7627179
403,7635348
404,7562333
405,7410716
406,7325300
407,7237302
408,7275292
409,7459999
410,7525318
411,7161572
412,7159268
413,7251288
414,7152092
415,7102736
416,6967701
417,6886196
418,7097228
419,7054012
420,7692047
421,7076879
422,6741353
423,6583447
424,6660249
425,6539429
426,6683969
427,6905007
428,6730954
429,6640671
430,7137010
431,6696470
432,6731646
433,7091945
434,6922852
435,6506320
436,6497156
437,6343189
438,6443018
439,6713091
440,7010264
441,7116762
442,6796592
443,6358879
444,6545268
445,6561001
446,6358289
447,6392732
448,6341095
449,6307511
450,6756425
451,6412500
452,6198299
453,6023957
454,5862515
455,5945656
456,6047873
457,6500717
458,6310080
459,6331889
460,6634122
461,6222230
462,6071018
463,5830894
464,6107870
465,6099607
466,5755516
467,5880761
468,5726146
469,5684527
470,6082928
471,5721848
472,5729138
473,5617190
474,5317796
475,5250086
476,5506025
477,5280075
478,5219479
479,5590634
480,6231357
481,5360609
482,5362792
483,5052890
484,4945249
485,5177506
486,4914316
487,5208668
488,5552391
489,5163412
490,5636884
491,6041035
492,4902596
493,4954381
494,5160912
495,4997418
496,4823739
497,5033550
498,4691306
499,4745894
500,5469385
501,4707241
502,4546033
503,4596886
504,4246800
505,4218058
506,4395276
507,4229333
508,4152844
509,4316558
510,4328112
511,4193544
512,4345156
513,4207038
514,4006133
515,4220451
516,4099944
517,3974491
518,4190097
519,4236881
520,4456111
521,4052434
522,4051378
523,4000626
524,4112851
525,4258545
526,4002806
527,3995328
528,4146535
529,3925180
530,4086502
531,4284221
532,3986019
533,4040283
534,4557466
535,4002302
536,4082005
537,4429836
538,4046280
539,3997425
540,4593522
541,3968586
542,3933943
543,4280919
544,3885733
545,3885186
546,4178712
547,3846511
548,3912198
549,4462078
550,4051293
551,3792943
552,4002395
553,3683237
554,3709302
555,4113224
556,3861999
557,3704333
558,3944913
559,3734834
560,4074923
561,5190719
562,4252925
563,3812164
564,4197484
565,3817885
566,3718729
567,4100533
568,3884929
569,3652376
570,3998119
571,3889155
572,3841287
573,4048929
574,3930042
575,3652242
576,3838699
577,3828401
578,3791973
579,4667316
580,4588810
581,3732302
582,3830059
583,3902575
584,3693634
585,3948837
586,4420804
587,3847577
588,3759842
589,3945787
590,3644532
591,3800530
592,4083134
593,3779030
594,4167614
595,4018577
596,3568608
597,3655122
598,4062766
599,3636737
600,3995635
601,4056420
602,3546237
603,3491122
604,3845551
605,3418586
606,3398908
607,3696585
608,3523970
609,3849714
610,3943218
611,3445595
612,3284034
613,3522650
614,3218698
615,3227208
616,3601381
617,3361763
618,3189501
619,3456900
620,3514090
621,3221308
622,3601065
623,3379215
624,3319396
625,3452154
626,3597544
627,3123613
628,3439363
629,3288738
630,3157091
631,3316544
632,3218858
633,3125136
634,3435842
635,3401301
636,3123124
637,3270698
638,3217868
639,3108132
640,3633822
641,3479823
642,3136127
643,3207033
644,3310257
645,3090445
646,3322636
647,3557843
648,3243274
649,3376296
650,3340559
651,3089911
652,3204869
653,3430965
654,3114476
655,3141432
656,3279698
657,3096853
658,3190376
659,3541608
660,3471154
661,3142721
662,3265326
663,3039748
664,3132870
665,3401144
666,3147135
667,3021752
668,3166951
669,3020394
670,3159838
671,3439930
672,3171566
673,3005208
674,3088370
675,2982937
676,3020305
677,3309294
678,3167967
679,3061427
680,3359977
681,3034478
682,3008179
683,3402526
684,3300178
685,4104651
686,3222247
687,3113771
688,3027362
689,3289800
690,3349148
691,3074279
692,3129173
693,3207270
694,3146240
695,3342082
696,3397591
697,3080085
698,3116753
699,3176280
700,3285126
701,3303062
702,3418384
703,3055925
704,3050960
705,3130108
706,3023395
707,3234357
708,3516972
709,3193344
710,3155568
711,3200939
712,2971025
713,3056787
714,3398966
715,3090230
716,3136396
717,3279465
718,3021456
719,3137063
720,3687835
721,3199368
722,3080775
723,3217780
724,3122552
725,3065976
726,3310547
727,3095794
728,2934743
729,3066549
730,3100119
731,3171803
732,3477388
733,3155984
734,2941805
735,3043896
736,2956148
737,2957952
738,3253818
739,3234266
740,3321803
741,3046912
742,2946154
743,2926166
744,3326354
745,3215552
746,3089568
747,3074608
748,2939615
749,2897156
750,3171519
751,3241123
752,2889433
753,2959191
754,2992686
755,2996018
756,3162534
757,3204290
758,2916061
759,2952797
760,3179658
761,2961010
762,3120364
763,3263729
764,2932884
765,2918712
766,2962279
767,2882146
768,3093813
769,3278024
770,3060032
771,2920144
772,2900844
773,2776898
774,2899305
775,3140851
776,2912820
777,2887832
778,3010566
779,2884027
780,3210718
781,3277838
782,3002124
783,2873529
784,2988658
785,2867290
786,2893352
787,3153651
788,2921981
789,2786801
790,2913039
791,2801671
792,2866803
793,3241340
794,3040925
795,2829843
796,2903079
797,2787002
798,2810197
799,3160691
800,3284207
801,2852369
802,2876228
803,2778979
804,2802912
805,3161182
806,3073980
807,2868066
808,2936251
809,2849048
810,2885599
811,3147828
812,3128393
813,2907265
814,2942069
815,2928380
816,2940892
817,3209427
818,3250907
819,3015143
820,3296911
821,3000971
822,2947643
823,3178175
824,3258812
825,2968033
826,2982745
827,2988760
828,2874138
829,3108481
830,3310423
831,2971823
832,2854207
833,2875094
834,2756786
835,2926709
836,3129048
837,2854410
838,2794137
839,2988869
840,3195418
841,2966746
842,3330428
843,2912009
844,2788629
845,2883881
846,2763570
847,2824076
848,3149836
849,2844155
850,2722632
851,2812292
852,2747143
853,2853903
854,3254221
855,3026548
856,2758930
857,2824537
858,2740373
859,2810142
860,3493628
861,2951906
862,2801320
863,2822475
864,2734099
865,2780518
866,3184422
867,3080734
868,2801312
869,2882023
870,2813061
871,2736791
872,3018280
873,2889616
874,2693410
875,2766287
876,2791375
877,2882400
878,3154351
879,3157414
880,3381150
881,3329373
882,2843108
883,2823447
884,3076668
885,3095974
886,2781434
887,2698412
888,2680217
889,2672850
890,2948139
891,3081455
892,2839179
893,2747046
894,2677054
895,2620082
896,2788154
897,2945057
898,2720406
899,2736259
900,3337641
901,2736350
902,2844124
903,3072261
904,2790368
905,2668783
906,2738104
907,2706694
908,2839228
909,2985676
910,2827232
911,2626418
912,2667916
913,2634133
914,2793294
915,3179299
916,2841505
917,2646775
918,2649089
919,2610266
920,3092778
921,2909473
922,2753900
923,2684234
924,2617427
925,2577368
926,2636579
927,2933432
928,2833253
929,2651137
930,2741047
931,2655008
932,2606925
933,2806429
934,2769313
935,2569183
936,2601502
937,2633767
938,2709546
939,2923059
940,3274469
941,2609080
942,2559938
943,2542354
944,2501428
945,2698689
946,2712586
947,2478419
948,2452821
949,2497009
950,2498986
951,2634395
952,2784637
953,2565369
954,2472560
955,2460918
956,2370923
957,2481420
958,2612183
959,2445699
960,2760179
961,2495128
962,2414710
963,2472186
964,2659926
965,2481461
966,2396942
967,2428171
968,2386281
969,2411548
970,2633033
971,2445117
972,2374175
973,2400460
974,2362060
975,2488530
976,2738972
977,2527415
978,2416747
979,2425253
980,2675407
981,2359879
982,2551994
983,2436381
984,2280193
985,2320843
986,2250564
987,2308580
988,2516533
989,2430032
990,2338909
991,2360649
992,2258145
993,2218772
994,2399684
995,2361704
996,2234596
997,2284873
998,2391704
999,2364912
1000,2842395
1001,2517549
1002,2303086
1003,2298669
1004,2250666
1005,2225857
1006,2420167
1007,2416349
1008,2238621
1009,2303727
1010,2355137
1011,2303145
1012,2512503
1013,2586763
1014,2339142
1015,2312550
1016,2305188
1017,2207577
1018,2333904
1019,2492806
1020,2567710
1021,2300661
1022,2331401
1023,2219215
1024,2317675
1025,2519798
1026,2299798
1027,2240569
1028,2285911
1029,2188152
1030,2286942
1031,2471548
1032,2191204
1033,2134791
1034,2204537
1035,2140186
1036,2218868
1037,2442711
1038,2248572
1039,2210188
1040,2559716
1041,2152830
1042,2142701
1043,2330974
1044,2182290
1045,2128249
1046,2192506
1047,2119444
1048,2141699
1049,2357391
1050,2285366
1051,2137893
1052,2188140
1053,2106436
1054,2118563
1055,2293002
1056,2212552
1057,2094345
1058,2148897
1059,2130947
1060,2552223
1061,2346987
1062,2292440
1063,2144102
1064,2163118
1065,2101936
1066,2054408
1067,2182552
1068,2159142
1069,2030397
1070,2076237
1071,2061470
1072,2040325
1073,2197431
1074,2234840
1075,2079106
1076,2054204
1077,2020314
1078,1970132
1079,2106010
1080,2561890
1081,2014472
1082,2005298
1083,2018717
1084,1995051
1085,2127215
1086,2369384
1087,2066133
1088,2026033
1089,2052874
1090,1978042
1091,2019501
1092,2144279
1093,1993787
1094,1968772
1095,2027796
1096,1979012
1097,2067656
1098,2204930
1099,2093737
1100,2382983
1101,2295605
1102,2093341
1103,2037581
1104,2192681
1105,2152317
1106,2051160
1107,2072034
1108,2005035
1109,2052154
1110,2242082
1111,2127376
1112,2031131
1113,2045930
1114,1977123
1115,1975119
1116,2087091
1117,2035660
1118,1969038
1119,2049855
1120,2370949
1121,2057058
1122,2155158
1123,2145026
1124,2036105
1125,2023045
1126,1977908
1127,1966575
1128,2071654
1129,2275177
1130,2007308
1131,2004486
1132,1976347
1133,1984500
1134,2109579
1135,2160133
1136,2066502
1137,2017114
1138,1993231
1139,1999275
1140,2440479
1141,2118153
1142,2034342
1143,2031354
1144,2052324
1145,2013078
1146,2125848
1147,2248122
1148,2124727
1149,2100709
1150,2158378
1151,2084773
1152,2116025
1153,2217133
1154,2133545
1155,2076947
1156,2179634
1157,2438271
1158,2332458
1159,2383018
1160,2556782
1161,2123046
1162,2098491
1163,2086261
1164,2084735
1165,2225498
1166,2124756
1167,2048798
1168,2074146
1169,2077559
1170,2168081
1171,2331007
1172,2260271
1173,2244919
1174,2343674
1175,2224756
1176,2403774
1177,2538640
1178,2372748
1179,2356929
1180,3356621
1181,2549397
1182,2537359
1183,2585728
1184,2596779
1185,2419844
1186,2488162
1187,2428000
1188,2390503
1189,2711134
1190,3571950
1191,2794796
1192,2506696
1193,2585191
1194,2407087
1195,2630807
1196,2610805
1197,2611519
1198,2445132
1199,2548558
1200,3061290
1201,2540192
1202,2560164
1203,2422000
1204,2342010
1205,2401504
1206,2286351
1207,2639477
1208,2668737
1209,2509865
1210,2780750
1211,2468013
1212,2286588
1213,2388352
1214,2572168
1215,2375168
1216,2609140
1217,2566591
1218,2439687
1219,2725974
1220,4116369
1221,2690901
1222,2509396
1223,2550041
1224,2332430
1225,2367733
1226,2560477
1227,2409657
1228,2360862
1229,2543123
1230,3007091
1231,2494405
1232,2679362
1233,2473285
1234,2342894
1235,2379994
1236,2280414
1237,2324202
1238,2502629
1239,2509023
1240,3100489
1241,2401327
1242,2358861
1243,2432357
1244,2682048
1245,2618416
1246,2524550
1247,2417703
1248,2299493
1249,2336857
1250,3216661
1251,2664054
1252,2510388
1253,2417771
1254,2526953
1255,2489364
1256,2714319
1257,2894684
1258,2695689
1259,2656165
1260,3471978
1261,2765021
1262,2831785
1263,2912996
1264,2702770
1265,2715827
1266,2761318
1267,2670665
1268,2657560
1269,2903723
1270,2744508
1271,2585372
1272,2557170
1273,2432667
1274,2493857
1275,2727314
1276,2485700
1277,2497910
1278,3685894
1279,4814337
1280,3978095
1281,3708297
1282,3447386
1283,3201443
1284,3128106
1285,3140353
1286,5182506
1287,4275372
1288,3044806
1289,3225730
1290,3402593
1291,2914722
1292,3002422
1293,3330131
1294,3027619
1295,2940240
1296,3024667
1297,2852573
1298,3047372
1299,3231379
1300,3438211
1301,2835295
1302,2769133
1303,2656765
1304,2672040
1305,2941584
1306,2838718
1307,2618275
1308,2615786
1309,2598001
1310,2660251
1311,2825377
1312,2890927
1313,2700540
1314,2699521
1315,2880373
1316,2838273
1317,3052483
1318,3185941
1319,2848193
1320,3230824
1321,2777175
1322,2564680
1323,2707392
1324,2854079
1325,2556066
1326,2548170
1327,2656252
1328,2777214
1329,2685684
1330,3028386
1331,2641351
1332,2549253
1333,2604432
1334,2472126
1335,2568438
1336,2815172
1337,2587108
1338,2540106
1339,2669170
1340,3031976
1341,2673515
1342,2964718
1343,2662716
1344,2571353
1345,2655108
1346,2493470
1347,2533921
1348,2827543
1349,2596120
1350,2610117
1351,2630796
1352,2510907
1353,2588097
1354,2925597
1355,2724824
1356,2646769
1357,2613867
1358,2512868
1359,2556837
1360,3287800
1361,2720334
1362,2535005
1363,2601976
1364,2696605
1365,2732820
1366,2933722
1367,3313514
1368,2649124
1369,2581671
1370,2647911
1371,2479865
1372,2791428
1373,2732434
1374,2505844
1375,2506751
1376,2566035
1377,2657988
1378,2829016
1379,3071623
1380,3793482
1381,2604968
1382,2587528
1383,2495355
1384,2635621
1385,2832237
1386,2580394
1387,2551825
1388,2713691
1389,2668324
1390,2862180
1391,3065140
1392,2742208
1393,2639731
1394,2677551
1395,2515526
1396,2626086
1397,2888376
1398,2603484
1399,2579381
1400,3261503
1401,2556352
1402,2636442
1403,2931748
1404,2632092
1405,2508315
1406,2554276
1407,2443869
1408,2475510
1409,2716798
1410,2599635
1411,2429713
1412,2480920
1413,2495790
1414,2514459
1415,2860642
1416,2672809
1417,2526889
1418,2556209
1419,2501672
1420,2957097
1421,2714791
1422,2564653
1423,2387699
1424,2426899
1425,2426792
1426,2472568
1427,2806271
1428,2720269
1429,2499088
1430,2525426
1431,2425358
1432,2373847
1433,2597888
1434,3013420
1435,2444563
1436,2510370
1437,2570493
1438,2519333
1439,2798775
1440,3453585
1441,2610910
1442,2520256
1443,2545228
1444,2418945
1445,2565672
1446,2760924
1447,2471387
1448,2452267
1449,2515152
1450,2489930
1451,2603486
1452,2936767
1453,2567101
1454,2462862
1455,2541119
1456,2389535
1457,2497144
1458,2873723
1459,2587478
1460,3080945
1461,2837466
1462,2543883
1463,2641060
1464,3002750
1465,2589725
1466,2477375
1467,2518899
1468,2340891
1469,2426238
1470,2783865
1471,2459300
1472,2363694
1473,2589561
1474,2363950
1475,2463303
1476,2862936
1477,2621084
1478,2445295
1479,2495924
1480,2754315
1481,2359081
1482,2628448
1483,2460483
1484,2301692
1485,2373293
1486,2340928
1487,2375077
1488,2753730
1489,2664552
1490,2442135
1491,2411280
1492,2360114
1493,2329706
1494,2501578
1495,2546925
1496,2316969
1497,2332918
1498,2398606
1499,2412223
1500,2972378
1501,2763849
1502,2405387
1503,2331420
1504,2335262
1505,2232215
1506,2374071
1507,2548480
1508,2282597
1509,2246625
1510,2339200
1511,2279135
1512,2442598
1513,2736810
1514,2394705
1515,2285561
1516,2318305
1517,2197421
1518,2296548
1519,2604240
1520,2687322
1521,2251752
1522,2305187
1523,2235394
1524,2361016
1525,2697485
1526,2398577
1527,2282358
1528,2276149
1529,2162564
1530,2232224
1531,2499236
1532,2278532
1533,2169783
1534,2269688
1535,2196963
1536,2288979
1537,2683893
1538,2453616
1539,2296000
1540,2566287
1541,2181766
1542,2193928
1543,2453279
1544,2289997
1545,2157416
1546,2189568
1547,2163741
1548,2233313
1549,2566112
1550,2480762
1551,2257926
1552,2233233
1553,2159448
1554,2120804
1555,2364444
1556,2305214
1557,2134999
1558,2258123
1559,2197880
1560,2456419
1561,2479119
1562,2565365
1563,2273990
1564,2188724
1565,2182728
1566,2125246
1567,2259145
1568,2383878
1569,2146204
1570,2106354
1571,2166531
1572,2164893
1573,2335119
1574,2580907
1575,2283327
1576,2169682
1577,2164839
1578,2076426
1579,2184365
1580,2659721
1581,2180985
1582,2146756
1583,2162979
1584,2128315
1585,2266571
1586,2589060
1587,2300644
1588,2167520
1589,2164164
1590,2072321
1591,2115306
1592,2373183
1593,2175590
1594,2074218
1595,2119373
1596,2083645
1597,2219691
1598,2586335
1599,2359673
1600,2371287
1601,2161655
1602,2063120
1603,2070088
1604,2318057
1605,2197060
1606,2048700
1607,2080942
1608,2061548
1609,2126643
1610,2459572
1611,2399080
1612,2228309
1613,2193531
1614,2091352
1615,2094138
1616,2350138
1617,2250976
1618,2086956
1619,2085734
1620,2242369
1621,2128133
1622,2365692
1623,2439552
1624,2161117
1625,2067696
1626,2058032
1627,1986645
1628,2128108
1629,2272695
1630,2016762
1631,1994440
1632,2038888
1633,2023264
1634,2226071
1635,2439061
1636,2131126
1637,2020983
1638,2040670
1639,1944971
1640,2128293
1641,2239254
1642,1984748
1643,1918832
1644,1966386
1645,1963395
1646,2110165
1647,2369433
1648,2120189
1649,1987036
1650,1988567
1651,1911317
1652,1983441
1653,2200398
1654,2001602
1655,1905241
1656,1965889
1657,1946277
1658,2054318
1659,2366522
1660,2270976
1661,2016738
1662,1974582
1663,1893870
1664,1913313
1665,2120414
1666,2002912
1667,1874274
1668,1886397
1669,1894140
1670,1962363
1671,2240875
1672,2180454
1673,1986921
1674,1916300
1675,1870563
1676,1865161
1677,2047306
1678,2011606
1679,1875883
1680,1943740
1681,1887247
1682,1930763
1683,2172392
1684,2241475
1685,2002341
1686,1914219
1687,1893194
1688,1851618
1689,1987689
1690,2066596
1691,1885658
1692,1859749
1693,1924003
1694,1930141
1695,2092255
1696,2290119
1697,2026217
1698,1920633
1699,1904612
1700,1911197
1701,1952652
1702,2123062
1703,2026227
1704,1954383
1705,2110197
1706,2043448
1707,2156889
1708,2437760
1709,2123980
1710,1982661
1711,1962277
1712,1874595
1713,1967433
1714,2229151
1715,1962555
1716,1883368
1717,1913194
1718,1908575
1719,2032121
1720,2345562
1721,2106335
1722,1937505
1723,1891800
1724,1830160
1725,1860816
1726,2051341
1727,1923121
1728,1806409
1729,1822226
1730,1830652
1731,1919661
1732,2186212
1733,2108019
1734,1916217
1735,1887134
1736,1814576
1737,1810606
1738,1972991
1739,1951654
1740,1833720
1741,1793523
1742,1824063
1743,1863686
1744,2093553
1745,2135160
1746,1920175
1747,1827968
1748,1785748
1749,1762971
1750,1883678
1751,1943796
1752,1790459
1753,1751772
1754,1796357
1755,1824959
1756,1996823
1757,2166195
1758,1949554
1759,1910409
1760,1956377
1761,1804535
1762,1867451
1763,1995007
1764,1809650
1765,1746020
1766,1768041
1767,1785948
1768,1922393
1769,2140290
1770,1936989
1771,1814479
1772,1776849
1773,1723830
1774,1785726
1775,1934397
1776,1808159
1777,1726435
1778,1758567
1779,1778170
1780,1906294
1781,2143061
1782,2084853
1783,1912648
1784,1853991
1785,1751354
1786,1810435
1787,1945556
1788,1828169
1789,1750436
1790,1748379
1791,1766085
1792,1835507
1793,2058058
1794,1986262
1795,1810423
1796,1738335
1797,1691063
1798,1697245
1799,1829665
1800,1811154
1801,1723972
1802,1678983
1803,1687769
1804,2091115
1805,2022300
1806,2096386
1807,1952124
1808,1802344
1809,1734071
1810,1710933
1811,1806582
1812,1830528
1813,1713174
1814,1660518
1815,1710875
1816,1882010
1817,1930531
1818,2057197
1819,1942434
1820,1779422
1821,1734763
1822,1694339
1823,1763060
1824,1872425
1825,1726311
1826,1691973
1827,1689139
1828,1713350
1829,1849327
1830,2041916
1831,1865100
1832,1733672
1833,1693074
1834,1649390
1835,1707992
1836,1856938
1837,1721516
1838,1642592
1839,1663741
1840,1687410
1841,1807561
1842,2203180
1843,1929576
1844,1768016
1845,1706121
1846,1640050
1847,1671915
1848,1805014
1849,1734183
1850,1643879
1851,1634964
1852,1658843
1853,1755982
1854,1969102
1855,1929890
1856,1841678
1857,1697814
1858,1655622
1859,1684742
1860,1814657
1861,1843458
1862,1687918
1863,1641264
1864,1673313
1865,1719635
1866,1972262
1867,1934814
1868,1763974
1869,1674585
1870,1627708
1871,1630356
1872,1714395
1873,1765043
1874,1633493
1875,1588464
1876,1603713
1877,1656433
1878,1796924
1879,1920492
1880,1753196
1881,1649386
1882,1668872
1883,1592161
1884,1654560
1885,1747305
1886,1610879
1887,1549850
1888,1568562
1889,1615251
1890,1735559
1891,1918222
1892,1760482
1893,1628092
1894,1576977
1895,1555247
1896,1610305
1897,1725672
1898,2183295
1899,1577692
1900,1603140
1901,1629873
1902,1703695
1903,1891306
1904,1808123
1905,1677876
1906,1618394
1907,1567823
1908,1600516
1909,1719509
1910,1650116
1911,1572974
1912,1551018
1913,1577515
1914,1655590
1915,1826954
1916,1794372
1917,1651918
1918,1585633
1919,1550858
1920,1571601
1921,1679714
1922,1694291
1923,1569997
1924,1535289
1925,1555825
1926,1615288
1927,1760748
1928,1798306
1929,1654472
1930,1567273
1931,1538118
1932,1535801
1933,1601421
1934,1642175
1935,1616440
1936,1500924
1937,1523279
1938,1566159
1939,1691804
1940,1808921
1941,1664624
1942,1567186
1943,1539107
1944,1698875
1945,1592047
1946,1663858
1947,1555289
1948,1535494
1949,1609228
1950,1566964
1951,1675755
1952,1819373
1953,1681393
1954,1567724
1955,1531457
1956,1492649
1957,1528397
1958,1627858
1959,1539084
1960,1474325
1961,1477411
1962,1510398
1963,1593949
1964,1764379
1965,1664531
1966,1547296
1967,1504038
1968,1470579
1969,1511147
1970,1606104
1971,1543663
1972,1464751
1973,1454589
1974,1517881
1975,1560230
1976,1743126
1977,1698962
1978,1564360
1979,1494039
1980,1471987
1981,1490033
1982,1602613
1983,1575995
1984,1512557
1985,1461938
1986,1481799
1987,1544177
1988,1696370
1989,1725114
1990,1583933
1991,1526990
1992,1491024
1993,1530105
1994,1559383
1995,1615807
1996,1488580
1997,1454696
1998,1477348
1999,1516402
2000,1639479
2001,1746940
2002,1603180
2003,1521135
2004,1496485
2005,1456502
2006,1521203
2007,1630402
2008,1516875
2009,1483808
2010,1505017
2011,1503587
2012,1612139
2013,1797162
2014,1617641
2015,1518854
2016,1529503
2017,1468698
2018,1508410
2019,1644860
2020,1517053
2021,1445963
2022,1456122
2023,1474362
2024,1550558
2025,1710934
2026,1600846
2027,1490106
2028,1444760
2029,1421414
2030,1446728
2031,1585021
2032,1515648
2033,1428650
2034,1430589
2035,1442799
2036,1513361
2037,1676081
2038,1618155
2039,1495120
2040,1451936
2041,1421677
2042,1439641
2043,1539744
2044,1509560
2045,1413364
2046,1410407
2047,1425275
2048,1464944
2049,1603080
2050,1632811
2051,1500970
2052,1430990
2053,1409671
2054,1396588
2055,1469488
2056,1510903
2057,1397924
2058,1369978
2059,1384461
2060,1418390
2061,1521169
2062,1615417
2063,1602686
2064,1402103
2065,1375549
2066,1396599
2067,1460702
2068,1524493
2069,1426319
2070,1369523
2071,1402288
2072,1410156
2073,1497366
2074,1622956
2075,1501681
2076,1404270
2077,1377466
2078,1352202
2079,1386255
2080,1484960
2081,1414450
2082,1354089
2083,1357191
2084,1368785
2085,1432336
2086,1563456
2087,1481080
2088,1380550
2089,1339295
2090,1307550
2091,1332792
2092,1424431
2093,1375220
2094,1310476
2095,1307320
2096,1321342
2097,1378234
2098,1496575
2099,1465465
2100,1366649
2101,1315641
2102,1287539
2103,1294026
2104,1360582
2105,1352350
2106,1284028
2107,1268446
2108,1274435
2109,1317200
2110,1424859
2111,1434273
2112,1355528
2113,1275984
2114,1250464
2115,1244574
2116,1306121
2117,1325212
2118,1268190
2119,1231983
2120,1254008
2121,1276810
2122,1365619
2123,1416262
2124,1353617
2125,1267884
2126,1247398
2127,1222539
2128,1269471
2129,1330005
2130,1246735
2131,1219805
2132,1235978
2133,1246167
2134,1318647
2135,1398813
2136,1312550
2137,1250669
2138,1221653
2139,1196833
2140,1235765
2141,1299664
2142,1232939
2143,1190107
2144,1204330
2145,1217347
2146,1275548
2147,1377694
2148,1305632
2149,1234771
2150,1202078
2151,1174764
2152,1194102
2153,1257512
2154,1221685
2155,1166013
2156,1164938
2157,1176250
2158,1227927
2159,1329932
2160,1301836
2161,1223772
2162,1182081
2163,1153467
2164,1163563
2165,1226282
2166,1219781
2167,1154763
2168,1136711
2169,1151907
2170,1196573
2171,1290719
2172,1282580
2173,1204327
2174,1159099
2175,1133003
2176,1128204
2177,1179854
2178,1201437
2179,1136131
2180,1118509
2181,1125283
2182,1159042
2183,1250872
2184,1274798
2185,1193324
2186,1147612
2187,1118754
2188,1106211
2189,1156258
2190,1189225
2191,1116008
2192,1086757
2193,1099567
2194,1111339
2195,1174648
2196,1232472
2197,1155417
2198,1105182
2199,1088649
2200,1060849
2201,1085680
2202,1132180
2203,1075456
2204,1044136
2205,1049765
2206,1062970
2207,1110906
2208,1189550
2209,1132375
2210,1076779
2211,1060043
2212,1027426
2213,1047719
2214,1094842
2215,1045603
2216,1013328
2217,1023271
2218,1022654
2219,1063351
2220,1149182
2221,1107578
2222,1052420
2223,1035354
2224,990970
2225,993241
2226,1031525
2227,1007116
2228,974136
2229,974630
2230,978046
2231,1010942
2232,1076067
2233,1068183
2234,1013927
2235,987605
2236,953541
2237,951362
2238,982617
2239,974459
2240,938546
2241,929476
2242,937487
2243,958030
2244,1010538
2245,1023095
2246,974860
2247,940141
2248,914732
2249,903452
2250,928019
2251,935624
2252,905889
2253,889879
2254,892743
2255,910798
2256,953950
2257,979993
2258,944360
2259,911872
2260,886114
2261,873466
2262,881363
2263,923173
2264,874998
2265,858391
2266,861532
2267,874269
2268,909150
2269,946568
2270,917987
2271,886026
2272,859160
2273,841923
2274,861721
2275,870815
2276,850279
2277,832224
2278,830386
2279,844216
2280,881160
2281,924327
2282,905212
2283,868701
2284,840737
2285,822012
2286,824110
2287,846830
2288,833441
2289,819071
2290,818543
2291,831171
2292,912513
2293,942769
2294,982236
2295,948857
2296,929314
2297,931465
2298,928501
2299,945684
2300,938278
2301,935850
2302,917811
2303,917470
2304,939076
2305,975147
2306,979778
2307,945243
2308,910040
2309,891171
2310,890041
2311,899559
2312,898874
2313,870231
2314,858821
2315,860168
2316,949871
2317,911278
2318,927855
2319,896084
2320,863346
2321,841596
2322,830373
2323,845041
2324,834408
2325,815825
2326,803174
2327,800944
2328,816028
2329,843326
2330,865559
2331,855360
2332,821964
2333,797247
2334,780610
2335,773938
2336,777728
2337,768015
2338,771450
2339,756690
2340,771422
2341,788368
2342,812438
2343,800573
2344,775162
2345,751760
2346,731511
2347,734805
2348,733589
2349,723915
2350,716218
2351,715521
2352,722644
2353,742160
2354,767194
2355,766345
2356,745411
2357,722233
2358,1082821
2359,701213
2360,706064
2361,702148
2362,691920
2363,691656
2364,695979
2365,712168
2366,736244
2367,743760
2368,720644
2369,698340
2370,678470
2371,669392
2372,679187
2373,667862
2374,661657
2375,657042
2376,696522
2377,677553
2378,701103
2379,712225
2380,701217
2381,675831
2382,656265
2383,650784
2384,645521
2385,651538
2386,642356
2387,635498
2388,639311
2389,652766
2390,673131
2391,691788
2392,680079
2393,661354
2394,644710
2395,636249
2396,631194
2397,634356
2398,627678
2399,622471
2400,623310
2401,635282
2402,652019
2403,671901
2404,664352
2405,644745
2406,628299
2407,614582
2408,608637
2409,609196
2410,605845
2411,599627
2412,602122
2413,613598
2414,630351
2415,649048
2416,645528
2417,625875
2418,609064
2419,597477
2420,597224
2421,591059
2422,589136
2423,579135
2424,580088
2425,587661
2426,600122
2427,620270
2428,631152
2429,610214
2430,595696
2431,580439
2432,573816
2433,576496
2434,576935
2435,567199
2436,563426
2437,570418
2438,580494
2439,599878
2440,612072
2441,600380
2442,584166
2443,570179
2444,560779
2445,558879
2446,562554
2447,555328
2448,554888
2449,554286
2450,564221
2451,581586
2452,597715
2453,590199
2454,575259
2455,558780
2456,549146
2457,545119
2458,550567
2459,542968
2460,538995
2461,540582
2462,550948
2463,566290
2464,583068
2465,579775
2466,562984
2467,550416
2468,537422
2469,532725
2470,542921
2471,536852
2472,529770
2473,530415
2474,537850
2475,553623
2476,574192
2477,565661
2478,553323
2479,536238
2480,524160
2481,520958
2482,525199
2483,521515
2484,515686
2485,511143
2486,518606
2487,530333
2488,547591
2489,555134
2490,538529
2491,530926
2492,515173
2493,507222
2494,511686
2495,512636
2496,506776
2497,496265
2498,501323
2499,512818
2500,527219
2501,535587
2502,524011
2503,516339
2504,498571
2505,490663
2506,491157
2507,498378
2508,487516
2509,484284
2510,489138
2511,496739
2512,509426
2513,525032
2514,519217
2515,503604
2516,489834
2517,481408
2518,483802
2519,484186
2520,477516
2521,472775
2522,474958
2523,482676
2524,494735
2525,543191
2526,506284
2527,493306
2528,478942
2529,468189
2530,467349
2531,471081
2532,467401
2533,460987
2534,462968
2535,471777
2536,482972
2537,500808
2538,495141
2539,483353
2540,470363
2541,460292
2542,454918
2543,457264
2544,453608
2545,449491
2546,447732
2547,452972
2548,464979
2549,478504
2550,481618
2551,470019
2552,463166
2553,443831
2554,437913
2555,439232
2556,442114
2557,436021
2558,433873
2559,436164
2560,445784
2561,458839
2562,465812
2563,455771
2564,443440
2565,432652
2566,425578
2567,425284
2568,429433
2569,422414
2570,417640
2571,423131
2572,429476
2573,440567
2574,449618
2575,439636
2576,429043
2577,418175
2578,410098
2579,406650
2580,412583
2581,407004
2582,403867
2583,405570
2584,411217
2585,422004
2586,433774
2587,428835
2588,420722
2589,408963
2590,399621
2591,396692
2592,399545
2593,393118
2594,392804
2595,395563
2596,399809
2597,408951
2598,422262
2599,418333
2600,409702
2601,399690
2602,389676
2603,384627
2604,385089
2605,382721
2606,378992
2607,381718
2608,386024
2609,395466
2610,404150
2611,422232
2612,400898
2613,390661
2614,381892
2615,375396
2616,373082
2617,374409
2618,371298
2619,369899
2620,374636
2621,380727
2622,390477
2623,393070
2624,386680
2625,377779
2626,370664
2627,363428
2628,360494
2629,360385
2630,359578
2631,358491
2632,361434
2633,369009
2634,377443
2635,381916
2636,377632
2637,369158
2638,362365
2639,354530
2640,354489
2641,351830
2642,350340
2643,349090
2644,353448
2645,358423
2646,365178
2647,371129
2648,368983
2649,373545
2650,354201
2651,346620
2652,343936
2653,344254
2654,342591
2655,341354
2656,345443
2657,350269
2658,357959
2659,367912
2660,363451
2661,355849
2662,348370
2663,340290
2664,337992
2665,336286
2666,334217
2667,332960
2668,335333
2669,338251
2670,344878
2671,352089
2672,352509
2673,346907
2674,339933
2675,331718
2676,328364
2677,325479
2678,326802
2679,324315
2680,324910
2681,329517
2682,335315
2683,341569
2684,343857
2685,339893
2686,332065
2687,326458
2688,323691
2689,317403
2690,319085
2691,317583
2692,319099
2693,320850
2694,326695
2695,331740
2696,349506
2697,337425
2698,328191
2699,320604
2700,315168
2701,312123
2702,314273
2703,311423
2704,311119
2705,316891
2706,320306
2707,325540
2708,332879
2709,328771
2710,325396
2711,317221
2712,310546
2713,307770
2714,306616
2715,305799
2716,305483
2717,307289
2718,311647
2719,320196
2720,327813
2721,323225
2722,318622
2723,310965
2724,305459
2725,301057
2726,310334
2727,303923
2728,301990
2729,302313
2730,304475
2731,313272
2732,321017
2733,321036
2734,314534
2735,305400
2736,299256
2737,296935
2738,297724
2739,296258
2740,294813
2741,293820
2742,298209
2743,303901
2744,312919
2745,315679
2746,308593
2747,300628
2748,293671
2749,304317
2750,289989
2751,288325
2752,288508
2753,287504
2754,290960
2755,299368
2756,303759
2757,307495
2758,305861
2759,299129
2760,289507
2761,284351
2762,286281
2763,286736
2764,283198
2765,282055
2766,282606
2767,287557
2768,294987
2769,301234
2770,298876
2771,292336
2772,283553
2773,277138
2774,275285
2775,275683
2776,273855
2777,272671
2778,273512
2779,276957
2780,284447
2781,290309
2782,290660
2783,283922
2784,276392
2785,272375
2786,267717
2787,266550
2788,265623
2789,264790
2790,265479
2791,270278
2792,274906
2793,282451
2794,283557
2795,277371
2796,271212
2797,264260
2798,261141
2799,259860
2800,258679
2801,257873
2802,259029
2803,271802
2804,267163
2805,272321
2806,274733
2807,270785
2808,264482
2809,258876
2810,253996
2811,251018
2812,250514
2813,249198
2814,249253
2815,251941
2816,254537
2817,259834
2818,264808
2819,261388
2820,255231
2821,248833
2822,244666
2823,242079
2824,243510
2825,243061
2826,241895
2827,242420
2828,248493
2829,252571
2830,256724
2831,254926
2832,249395
2833,243753
2834,239429
2835,236342
2836,234992
2837,234601
2838,235559
2839,236768
2840,240834
2841,244357
2842,249371
2843,256816
2844,244546
2845,238785
2846,232108
2847,230545
2848,228719
2849,227315
2850,226959
2851,229214
2852,231082
2853,236039
2854,240648
2855,240213
2856,238598
2857,232158
2858,228446
2859,224900
2860,223231
2861,223084
2862,222146
2863,223345
2864,224353
2865,228824
2866,232840
2867,233683
2868,231877
2869,226623
2870,221890
2871,217870
2872,217374
2873,217257
2874,216787
2875,216886
2876,219140
2877,222197
2878,226929
2879,227557
2880,226090
2881,222447
2882,216703
2883,216229
2884,210711
2885,212010
2886,209329
2887,210278
2888,211894
2889,215478
2890,219053
2891,220970
2892,223245
2893,216901
2894,212927
2895,207844
2896,208156
2897,206095
2898,203977
2899,205366
2900,205983
2901,208757
2902,213600
2903,215933
2904,215967
2905,212359
2906,208277
2907,204507
2908,201829
2909,201100
2910,200506
2911,199554
2912,199882
2913,203558
2914,205860
2915,208084
2916,207919
2917,205386
2918,202561
2919,196930
2920,193043
2921,192350
2922,191461
2923,192752
2924,192107
2925,195610
2926,197622
2927,201072
2928,201825
2929,200913
2930,196757
2931,192588
2932,189723
2933,188178
2934,187479
2935,187005
2936,187989
2937,189716
2938,194794
2939,195526
2940,198523
2941,195670
2942,192181
2943,188495
2944,185847
2945,183813
2946,184083
2947,184240
2948,187036
2949,185904
2950,188035
2951,190609
2952,194052
2953,192524
2954,190006
2955,186839
2956,182625
2957,183689
2958,181585
2959,180832
2960,180034
2961,182355
2962,184146
2963,188816
2964,190923
2965,188657
2966,185709
2967,181710
2968,178838
2969,176507
2970,175373
2971,175510
2972,175321
2973,177466
2974,179383
2975,181691
2976,184077
2977,184498
2978,181740
2979,179204
2980,174651
2981,172313
2982,170474
2983,169939
2984,170562
2985,172035
2986,172996
2987,176909
2988,178176
2989,179158
2990,177040
2991,174055
2992,171769
2993,169111
2994,167994
2995,167843
2996,167646
2997,168839
2998,171200
2999,174121
3000,174778
3001,175313
3002,174016
3003,171180
3004,168491
3005,165614
3006,164736
3007,163651
3008,170789
3009,162959
3010,164684
3011,168311
3012,170000
3013,171823
3014,169627
3015,166513
3016,163884
3017,161008
3018,160344
3019,160480
3020,159004
3021,159490
3022,159928
3023,161824
3024,164649
3025,167996
3026,166757
3027,165090
3028,161759
3029,157718
3030,158249
3031,155877
3032,155003
3033,156178
3034,156701
3035,158381
3036,161476
3037,165168
3038,162741
3039,160003
3040,157760
3041,156642
3042,153797
3043,152466
3044,151151
3045,151076
3046,152628
3047,152807
3048,155632
3049,157780
3050,157203
3051,155155
3052,153896
3053,150898
3054,148422
3055,147065
3056,147773
3057,146329
3058,148099
3059,149876
3060,153144
3061,153282
3062,154145
3063,153533
3064,150360
3065,148478
3066,145993
3067,144007
3068,145280
3069,144020
3070,144195
3071,146933
3072,148540
3073,150414
3074,151732
3075,151606
3076,149215
3077,145854
3078,143757
3079,141983
3080,140462
3081,142969
3082,141620
3083,142688
3084,144059
3085,145522
3086,146968
3087,147862
3088,145699
3089,143280
3090,140880
3091,138320
3092,136968
3093,136831
3094,137886
3095,137838
3096,140628
3097,142430
3098,143782
3099,142687
3100,140828
3101,139931
3102,136111
3103,133992
3104,134045
3105,133125
3106,132869
3107,133256
3108,134978
3109,136657
3110,138302
3111,137275
3112,136886
3113,134135
3114,132802
3115,131224
3116,130098
3117,128926
3118,129945
3119,130357
3120,131927
3121,133521
3122,134706
3123,136022
3124,134429
3125,132261
3126,131334
3127,127862
3128,127440
3129,126596
3130,126248
3131,130293
3132,127463
3133,129129
3134,131861
3135,132128
3136,131048
3137,128919
3138,126376
3139,124602
3140,123675
3141,123442
3142,122232
3143,123436
3144,123801
3145,125835
3146,127156
3147,128579
3148,127977
3149,125553
3150,124369
3151,121896
3152,120958
3153,120056
3154,119376
3155,119947
3156,121722
3157,121191
3158,123010
3159,124694
3160,124060
3161,123227
3162,121038
3163,118558
3164,117652
3165,116762
3166,115811
3167,115569
3168,115878
3169,117358
3170,118618
3171,119221
3172,119715
3173,117305
3174,115986
3175,113829
3176,113898
3177,112038
3178,112225
3179,112386
3180,113600
3181,114734
3182,114974
3183,117178
3184,117110
3185,116598
3186,114540
3187,112666
3188,111612
3189,110089
3190,109710
3191,109656
3192,110484
3193,111543
3194,112262
3195,112932
3196,114072
3197,114694
3198,112370
3199,110835
3200,108943
3201,107935
3202,107598
3203,107756
3204,107106
3205,107974
3206,109476
3207,110786
3208,111625
3209,111664
3210,109994
3211,107852
3212,106452
3213,104365
3214,104789
3215,104744
3216,103869
3217,106192
3218,107393
3219,107964
3220,110875
3221,108760
3222,107870
3223,106379
3224,103562
3225,101706
3226,101770
3227,99948
3228,101550
3229,101288
3230,102072
3231,102434
3232,102907
3233,104772
3234,103687
3235,101459
3236,100318
3237,98664
3238,97943
3239,97574
3240,97054
3241,97711
3242,98850
3243,99266
3244,100570
3245,100264
3246,99769
3247,97960
3248,96900
3249,95692
3250,93963
3251,94882
3252,93725
3253,94090
3254,94019
3255,95763
3256,96427
3257,96848
3258,95815
3259,95237
3260,94183
3261,91936
3262,90834
3263,91713
3264,90576
3265,90389
3266,91184
3267,91794
3268,93252
3269,93296
3270,92842
3271,92029
3272,90713
3273,88190
3274,87212
3275,88228
3276,87944
3277,88671
3278,88358
3279,89502
3280,90305
3281,91567
3282,90998
3283,89956
3284,89390
3285,86708
3286,85755
3287,86224
3288,84678
3289,85302
3290,86053
3291,87000
3292,87372
3293,87265
3294,87474
3295,88281
3296,87074
3297,84741
3298,83786
3299,83808
3300,82684
3301,82861
3302,83308
3303,84798
3304,85265
3305,85452
3306,86181
3307,84640
3308,84164
3309,82244
3310,80870
3311,81308
3312,80558
3313,80634
3314,80977
3315,81235
3316,82318
3317,82972
3318,83873
3319,82593
3320,81934
3321,80245
3322,80035
3323,78906
3324,78232
3325,78442
3326,77985
3327,79430
3328,79560
3329,80397
3330,81776
3331,80800
3332,80059
3333,78515
3334,77165
3335,76580
3336,75785
3337,75834
3338,75697
3339,77144
3340,77936
3341,78407
3342,79890
3343,78628
3344,77848
3345,76032
3346,75265
3347,74492
3348,73932
3349,73669
3350,74099
3351,74309
3352,75402
3353,76026
3354,77283
3355,76523
3356,77114
3357,74716
3358,73983
3359,72400
3360,72223
3361,71711
3362,72047
3363,72281
3364,74216
3365,74280
3366,75742
3367,76548
3368,74566
3369,72794
3370,71291
3371,70765
3372,70419
3373,69321
3374,69545
3375,70293
3376,71047
3377,72287
3378,73495
3379,74857
3380,72175
3381,71316
3382,70584
3383,69430
3384,68519
3385,67797
3386,69677
3387,68802
3388,69698
3389,70523
3390,72166
3391,77266
3392,71912
3393,70243
3394,69000
3395,67609
3396,67001
3397,67087
3398,65676
3399,65589
3400,66192
3401,67184
3402,67651
3403,68965
3404,67418
3405,65742
3406,65116
3407,63749
3408,63141
3409,62726
3410,62698
3411,62689
3412,63840
3413,64391
3414,64910
3415,64945
3416,65071
3417,64471
3418,64080
3419,63095
3420,63453
3421,62365
3422,61448
3423,62117
3424,61401
3425,62440
3426,62330
3427,62438
3428,62618
3429,62231
3430,61841
3431,60990
3432,60147
3433,59236
3434,58710
3435,59710
3436,59640
3437,60326
3438,60440
3439,60735
3440,61016
3441,61525
3442,60219
3443,60434
3444,60427
3445,58758
3446,58454
3447,58512
3448,58116
3449,58416
3450,58626
3451,59555
3452,59853
3453,59736
3454,59458
3455,59191
3456,58288
3457,57536
3458,57287
3459,57075
3460,57149
3461,57348
3462,57793
3463,58061
3464,58214
3465,58853
3466,58059
3467,57216
3468,56615
3469,56736
3470,55594
3471,54717
3472,54852
3473,55203
3474,55412
3475,55936
3476,55531
3477,56080
3478,55728
3479,55712
3480,54315
3481,53828
3482,53077
3483,53400
3484,53416
3485,54033
3486,53570
3487,53410
3488,53778
3489,54001
3490,53761
3491,53340
3492,52632
3493,51570
3494,51350
3495,50916
3496,51029
3497,51230
3498,51526
3499,51969
3500,51823
3501,52301
3502,52129
3503,51675
3504,50621
3505,50204
3506,49717
3507,49402
3508,49105
3509,48995
3510,49641
3511,49691
3512,49991
3513,50006
3514,50465
3515,49655
3516,49404
3517,48623
3518,47967
3519,48428
3520,47434
3521,48342
3522,48147
3523,48566
3524,48520
3525,48791
3526,48862
3527,48359
3528,48235
3529,47199
3530,46422
3531,46365
3532,45829
3533,45873
3534,45871
3535,46748
3536,46668
3537,46657
3538,46840
3539,46650
3540,46199
3541,45506
3542,45488
3543,44987
3544,44826
3545,44974
3546,44426
3547,44696
3548,45445
3549,45403
3550,45355
3551,45108
3552,44782
3553,44693
3554,43645
3555,43564
3556,43224
3557,42760
3558,43629
3559,44150
3560,44044
3561,44753
3562,44239
3563,44219
3564,44142
3565,42996
3566,42363
3567,42693
3568,42131
3569,41621
3570,41510
3571,42052
3572,41854
3573,42277
3574,42397
3575,42595
3576,42761
3577,41469
3578,41198
3579,40545
3580,40445
3581,39990
3582,40426
3583,40118
3584,40915
3585,40608
3586,40565
3587,40516
3588,40155
3589,39679
3590,39507
3591,39467
3592,38181
3593,38030
3594,38577
3595,37983
3596,38432
3597,39092
3598,38475
3599,39423
3600,39076
3601,38434
3602,37991
3603,37265
3604,36979
3605,37063
3606,36782
3607,37132
3608,36811
3609,37370
3610,37343
3611,37375
3612,37090
3613,36747
3614,36528
3615,35937
3616,35610
3617,35491
3618,35283
3619,35670
3620,35490
3621,35777
3622,35887
3623,35719
3624,35770
3625,35470
3626,34785
3627,34430
3628,33834
3629,34022
3630,33455
3631,33964
3632,34357
3633,34035
3634,33980
3635,34193
3636,34259
3637,34067
3638,33454
3639,33092
3640,32866
3641,32486
3642,32173
3643,32258
3644,32823
3645,32345
3646,32614
3647,33230
3648,32895
3649,32777
3650,32217
3651,31795
3652,31319
3653,31299
3654,31175
3655,30922
3656,31083
3657,31119
3658,30902
3659,31320
3660,31095
3661,30986
3662,30785
3663,30445
3664,29946
3665,29774
3666,29491
3667,29416
3668,29508
3669,29530
3670,28985
3671,29213
3672,29507
3673,29370
3674,28966
3675,28739
3676,28328
3677,28347
3678,28083
3679,27666
3680,27833
3681,27479
3682,28076
3683,28339
3684,28522
3685,28326
3686,27871
3687,27609
3688,27304
3689,27069
3690,27391
3691,27108
3692,26894
3693,26819
3694,26960
3695,27006
3696,26810
3697,27046
3698,26551
3699,26459
3700,26072
3701,26007
3702,25484
3703,25325
3704,25496
3705,25430
3706,25735
3707,25751
3708,25617
3709,25620
3710,25448
3711,25033
3712,24926
3713,24468
3714,24583
3715,24187
3716,23957
3717,24145
3718,24289
3719,24551
3720,24583
3721,24766
3722,24392
3723,24171
3724,23675
3725,23817
3726,23277
3727,23080
3728,22977
3729,22446
3730,22707
3731,22744
3732,22603
3733,22928
3734,22921
3735,22980
3736,22402
3737,22137
3738,21956
3739,21884
3740,21369
3741,21614
3742,21328
3743,21093
3744,21579
3745,21784
3746,21518
3747,21420
3748,21411
3749,21262
3750,20692
3751,20301
3752,20510
3753,20275
3754,20166
3755,20305
3756,20221
3757,20495
3758,20144
3759,19964
3760,19762
3761,19614
3762,19475
3763,19428
3764,19218
3765,18875
3766,19046
3767,19138
3768,19258
3769,19194
3770,18671
3771,18768
3772,18641
3773,18669
3774,18398
3775,18162
3776,17971
3777,17671
3778,17917
3779,18082
3780,17806
3781,17718
3782,18058
3783,17919
3784,17557
3785,17556
3786,17064
3787,17161
3788,16787
3789,16569
3790,16602
3791,16642
3792,17228
3793,16479
3794,16963
3795,16914
3796,16776
3797,16520
3798,16504
3799,16083
3800,16094
3801,15975
3802,15758
3803,15822
3804,16063
3805,15933
3806,15825
3807,15748
3808,15732
3809,15625
3810,15395
3811,15162
3812,14984
3813,15002
3814,14922
3815,14709
3816,14921
3817,14757
3818,14928
3819,14517
3820,14643
3821,14430
3822,14283
3823,13995
3824,13983
3825,13793
3826,13774
3827,13682
3828,13539
3829,13711
3830,13857
3831,13507
3832,13699
3833,13493
3834,13204
3835,12868
3836,12941
3837,12808
3838,12950
3839,12784
3840,12797
3841,12674
3842,12577
3843,12709
3844,12608
3845,12502
3846,12508
3847,12220
3848,11993
3849,11953
3850,11840
3851,11544
3852,11801
3853,11689
3854,11779
3855,11396
3856,11554
3857,11476
3858,11289
3859,11070
3860,11035
3861,10986
3862,11150
3863,10797
3864,10756
3865,10895
3866,10796
3867,10581
3868,10504
3869,10567
3870,10345
3871,10068
3872,10392
3873,10062
3874,10026
3875,9844
3876,9873
3877,9993
3878,9794
3879,9838
3880,9636
3881,9853
3882,9678
3883,9629
3884,9392
3885,9197
3886,9164
3887,9306
3888,9322
3889,9172
3890,9037
3891,8960
3892,9084
3893,9093
3894,9006
3895,8893
3896,8585
3897,8611
3898,8482
3899,8427
3900,8402
3901,8459
3902,8639
3903,8303
3904,8458
3905,8361
3906,8190
3907,8261
3908,8106
3909,7755
3910,8222
3911,7623
3912,7692
3913,7563
3914,7733
3915,7656
3916,7670
3917,7459
3918,7318
3919,7329
3920,7298
3921,7275
3922,7082
3923,6948
3924,6935
3925,7067
3926,6825
3927,7017
3928,6725
3929,6774
3930,6791
3931,6595
3932,6716
3933,6455
3934,6347
3935,6459
3936,6309
3937,6255
3938,6247
3939,6260
3940,6191
3941,6198
3942,6152
3943,6086
3944,5981
3945,5893
3946,6043
3947,5867
3948,5684
3949,5786
3950,5636
3951,5774
3952,5729
3953,5487
3954,5420
3955,5522
3956,5464
3957,5387
3958,5408
3959,5356
3960,5237
3961,5300
3962,5228
3963,5243
3964,5258
3965,5124
3966,5079
3967,5063
3968,5031
3969,5086
3970,5062
3971,4995
3972,4922
3973,4874
3974,4903
3975,4749
3976,4938
3977,4857
3978,4763
3979,4580
3980,4557
3981,4441
3982,4426
3983,4422
3984,4442
3985,4293
3986,4358
3987,4418
3988,4359
3989,4235
3990,4253
3991,4182
3992,4085
3993,4050
3994,4150
3995,3920
3996,4017
3997,3969
3998,3908
3999,3995
4000,3861
4001,3856
4002,3767
4003,3755
4004,3769
4005,3733
4006,3657
4007,3693
4008,3577
4009,3526
4010,3517
4011,3442
4012,3479
4013,3423
4014,3503
4015,3325
4016,3465
4017,3475
4018,3305
4019,3184
4020,3183
4021,3103
4022,3180
4023,3173
4024,3118
4025,3023
4026,3081
4027,2976
4028,2999
4029,2924
4030,2877
4031,2961
4032,2958
4033,2841
4034,2757
4035,2828
4036,2755
4037,2784
4038,2689
4039,2784
4040,2630
4041,2689
4042,2579
4043,2595
4044,2463
4045,2475
4046,2385
4047,2428
4048,2469
4049,2479
4050,2436
4051,2414
4052,2366
4053,2303
4054,2242
4055,2275
4056,2260
4057,2251
4058,2159
4059,2190
4060,2157
4061,2163
4062,2175
4063,2202
4064,2114
4065,2004
4066,2046
4067,2061
4068,2015
4069,1993
4070,1938
4071,1958
4072,1912
4073,1845
4074,1943
4075,1904
4076,1911
4077,1905
4078,1845
4079,1870
4080,1762
4081,1771
4082,1727
4083,1797
4084,1683
4085,1753
4086,1782
4087,1695
4088,1612
4089,1689
4090,1637
4091,1598
4092,1561
4093,1478
4094,1526
4095,1515
4096,1487
4097,1515
4098,1479
4099,1436
4100,1416
4101,1485
4102,1438
4103,1361
4104,1356
4105,1373
4106,1306
4107,1330
4108,1286
4109,1227
4110,1308
4111,1252
4112,1248
4113,1178
4114,1191
4115,1162
4116,1127
4117,1116
4118,1124
4119,1107
4120,1116
4121,1081
4122,1089
4123,1108
4124,1086
4125,1005
4126,1042
4127,1003
4128,1013
4129,964
4130,1021
4131,998
4132,887
4133,900
4134,871
4135,927
4136,901
4137,871
4138,883
4139,846
4140,827
4141,796
4142,772
4143,849
4144,845
4145,796
4146,793
4147,772
4148,829
4149,763
4150,733
4151,707
4152,727
4153,708
4154,720
4155,705
4156,698
4157,678
4158,680
4159,698
4160,627
4161,650
4162,640
4163,676
4164,621
4165,640
4166,620
4167,592
4168,602
4169,544
4170,586
4171,584
4172,573
4173,566
4174,586
4175,536
4176,546
4177,524
4178,547
4179,543
4180,487
4181,535
4182,498
4183,516
4184,459
4185,467
4186,441
4187,412
4188,447
4189,460
4190,421
4191,455
4192,477
4193,416
4194,458
4195,412
4196,414
4197,382
4198,418
4199,397
4200,388
4201,393
4202,399
4203,387
4204,367
4205,374
4206,327
4207,338
4208,370
4209,335
4210,335
4211,361
4212,319
4213,344
4214,323
4215,293
4216,329
4217,290
4218,307
4219,299
4220,330
4221,292
4222,305
4223,292
4224,284
4225,266
4226,279
4227,261
4228,278
4229,264
4230,256
4231,272
4232,279
4233,256
4234,260
4235,238
4236,249
4237,270
4238,236
4239,218
4240,223
4241,213
4242,227
4243,217
4244,204
4245,208
4246,230
4247,193
4248,192
4249,185
4250,185
4251,195
4252,210
4253,161
4254,186
4255,179
4256,172
4257,183
4258,183
4259,157
4260,161
4261,179
4262,162
4263,166
4264,131
4265,152
4266,142
4267,162
4268,142
4269,157
4270,148
4271,146
4272,143
4273,152
4274,134
4275,118
4276,119
4277,129
4278,127
4279,107
4280,119
4281,129
4282,143
4283,118
4284,111
4285,95
4286,99
4287,115
4288,117
4289,94
4290,106
4291,110
4292,102
4293,108
4294,105
4295,95
4296,105
4297,86
4298,83
4299,88
4300,86
4301,94
4302,86
4303,95
4304,82
4305,81
4306,69
4307,60
4308,73
4309,74
4310,74
4311,65
4312,62
4313,57
4314,49
4315,71
4316,59
4317,55
4318,56
4319,50
4320,63
4321,41
4322,45
4323,41
4324,42
4325,47
4326,45
4327,44
4328,35
4329,44
4330,39
4331,41
4332,36
4333,39
4334,31
4335,37
4336,33
4337,27
4338,24
4339,28
4340,21
4341,30
4342,38
4343,26
4344,25
4345,27
4346,30
4347,28
4348,16
4349,23
4350,25
4351,17
4352,21
4353,15
4354,16
4355,24
4356,15
4357,22
4358,10
4359,15
4360,15
4361,12
4362,9
4363,19
4364,14
4365,17
4366,14
4367,15
4368,14
4369,13
4370,12
4371,11
4372,18
4373,13
4374,15
4375,14
4376,8
4377,19
4378,14
4379,10
4380,11
4381,11
4382,6
4383,9
4384,3
4385,6
4386,4
4387,6
4388,5
4389,1
4390,1
4391,3
4392,2
4393,3
4394,1
4395,1
4396,2
4399,3
4401,1
4403,1
4405,4
4408,1
4409,1
4410,1
4411,4
4413,1
